Valencia, Dara N.
Dudley, Shelby U.
Snider, Zeus W.
Johnston, Orson O.
Buck, Ignacia O.
Sykes, Unity E.
Patel, Brett H.
Graham, Octavia M.
Hubbard, Cadman R.
Key, Lesley X.
Glover, Lara R.
Leonard, Martha U.
Dawson, Kenneth M.
Morrison, Julian J.
Barnes, Odette W.
Mcconnell, Sierra Z.
Bass, Nicholas D.
Robinson, Tashya W.
Farmer, Eve C.
Foster, Germaine Q.
Sawyer, Ryder T.
Dejesus, Amir O.
Montoya, Adrienne E.
Peters, Calista O.
Mcclure, Kristen S.
Puckett, Jameson I.
Henderson, Tyler D.
Golden, Hollee X.
Oneil, Shelley Y.
Franklin, Abdul Z.
Fitzpatrick, Fitzgerald N.
Tyson, Colorado N.
Quinn, Xantha B.
Soto, Imogene T.
Dickerson, Brenna Q.
Yates, Yoshi Y.
Mcmahon, Kendall N.
Riley, Colleen O.
Strong, Hunter A.
Harris, Jana Y.
Snyder, Beatrice B.
Roberson, Acton Z.
Lindsay, Quynn M.
Roach, Cleo D.
Morse, Lev C.
Mcintyre, Fulton R.
Mccray, Zena K.
Bradford, Lacota O.
Greer, Chadwick P.
Roman, Daphne P.
Tucker, Nell T.
Lamb, Rashad O.
Russell, Simone X.
Patrick, Zoe V.
Goodman, Jescie C.
Lara, Tashya V.
Blackwell, Alisa T.
Snider, Linda L.
Austin, Dieter I.
Decker, Diana Y.
Cummings, Madaline H.
Pollard, Leila E.
Lawrence, Emmanuel M.
Byers, Raymond G.
Burch, Bruno K.
Doyle, Pearl U.
Nielsen, Yeo P.
Hardin, Demetrius C.
Page, Clarke D.
Stone, Tasha D.
Hernandez, Emmanuel M.
Norton, Lawrence U.
Holland, Ishmael T.
Vasquez, Claire V.
Vinson, Hyatt I.
Gallagher, Robin X.
Ratliff, Jamal J.
Dickerson, Keith O.
Gonzales, Wylie D.
Drake, Thor O.
Juarez, Jenna M.
Wooten, Xenos T.
Workman, Quail L.
Gilliam, Kelsey G.
Buckner, Amanda B.
Hebert, Cally W.
Rollins, Amela Y.
Marks, Serena D.
Mcleod, Kellie I.
Harding, Michael Y.
Henry, Jonas Y.
Brennan, Quentin H.
Fletcher, Adrian Q.
Glenn, Bernard C.
Dudley, Meredith R.
Francis, Arthur N.
Hodge, Julian J.
Mendez, Mariam R.
Dunn, Knox T.
Vasquez, Nichole F.
